Time Step (a.u.), Energy (Eh), Dipole X debye), Dipole Y (debye),Dipole Z (debye), Dipole Tot (debye)
0.0000000000, -72.5851151256, -0.0000000000, 1.5339978634, 0.0000000000, 1.5339978634
0.0500000000, -72.6239785531, 0.0019222014, 1.5782717210, 0.0047294090, 1.5782799776
0.1000000000, -72.5847530315, 0.0041252177, 1.6212167223, 0.0171522003, 1.6213127015
0.1500000000, -72.6227644340, 0.0089873595, 1.7379453574, 0.0371263515, 1.7383650951
0.2000000000, -72.5839110770, 0.0119865151, 1.8318198341, 0.0635329675, 1.8329604522
0.2500000000, -72.6210714603, 0.0142532398, 1.9737044017, 0.0975331107, 1.9761641956
